<?xml version="1.0" encoding="UTF-8"?>
<project-private xmlns="http://www.netbeans.org/ns/project-private/1">
    <editor-bookmarks xmlns="http://www.netbeans.org/ns/editor-bookmarks/2" lastBookmarkId="0"/>
    <open-files xmlns="http://www.netbeans.org/ns/projectui-open-files/2">
        <group>
            <file>file:/C:/Users/i11896/Desktop/TrabalhoPAP/trabalho/upload.tpl</file>
            <file>file:/C:/Users/i11896/Desktop/TrabalhoPAP/trabalho/galeria.php</file>
            <file>file:/C:/Users/i11896/Desktop/TrabalhoPAP/trabalho/main.tpl</file>
            <file>file:/C:/Users/i11896/Desktop/TrabalhoPAP/trabalho/login.tpl</file>
            <file>file:/C:/Users/i11896/Desktop/TrabalhoPAP/trabalho/logout.php</file>
            <file>file:/C:/Users/i11896/Desktop/TrabalhoPAP/trabalho/upload.php</file>
            <file>file:/C:/Users/i11896/Desktop/TrabalhoPAP/trabalho/galeria.tpl</file>
            <file>file:/C:/Users/i11896/Desktop/TrabalhoPAP/trabalho/login.php</file>
        </group>
    </open-files>
</project-private>
